charger_id,station_id,charger_type,max_power_kW,total_sessions,total_charging_hours,unique_charging_hours,total_energy_kwh,avg_delivered_power_kW,capacity_utilisation_pct,observed_hours,observed_time_utilisation_pct
STN_001_CH_01,STN_001,DC_50kW,50,3731,3080.983333333333,2822.633333333333,123295.5,40.01823011051667,80.03646022103334,26279.683333333334,10.740743324532701
STN_001_CH_02,STN_001,DC_150kW,150,3706,1509.8333333333333,1442.0166666666667,181117.4,119.95853847002981,79.97235898001988,26295.883333333335,5.483811471123807
STN_001_CH_03,STN_001,DC_150kW,150,3877,1580.55,1515.2,189580.8,119.94609471386542,79.96406314257695,26286.066666666666,5.764270551445507
STN_001_CH_04,STN_001,DC_50kW,50,3848,3172.4666666666667,2911.4166666666665,126957.9,40.01867106562717,80.03734213125433,26290.35,11.074088654835963
STN_002_CH_01,STN_002,DC_50kW,50,3084,2542.65,2379.7,101707.9,40.00074725188288,80.00149450376576,26240.516666666666,9.068800093494094
STN_002_CH_02,STN_002,DC_300kW,300,3060,995.8833333333333,969.7666666666667,231606.4,232.56378759225478,77.52126253075159,26284.983333333334,3.6894323057715463
STN_002_CH_03,STN_002,DC_150kW,150,3078,1255.2166666666667,1207.95,150380.2,119.80417723367812,79.86945148911875,26270.9,4.5980533594205
STN_002_CH_04,STN_002,DC_300kW,300,3092,1004.1333333333333,980.1666666666666,233461.5,232.5004979418404,77.50016598061347,26289.533333333333,3.7283532356349673
STN_002_CH_05,STN_002,DC_300kW,300,2962,958.8,933.6333333333333,223843.0,233.4616186900292,77.82053956334308,26284.133333333335,3.5520795815980235
STN_003_CH_01,STN_003,DC_50kW,50,3101,2552.55,2394.0,102133.1,40.01218389453683,80.02436778907366,26292.916666666668,9.10511386146459
STN_003_CH_02,STN_003,DC_300kW,300,3103,1009.75,986.9166666666666,234444.9,232.18113394404554,77.39371131468185,26285.983333333334,3.7545358457834626
STN_003_CH_03,STN_003,DC_150kW,150,3115,1273.6166666666666,1232.4666666666667,152824.4,119.9924624101967,79.99497494013113,26283.783333333333,4.689076344285799
STN_003_CH_04,STN_003,DC_150kW,150,2921,1192.2,1156.7666666666667,142948.6,119.90320416037578,79.93546944025051,26288.716666666667,4.400240153728817
STN_003_CH_05,STN_003,DC_50kW,50,3081,2536.85,2361.4166666666665,101451.6,39.99117015196011,79.98234030392022,26241.883333333335,8.998655457274724
STN_004_CH_01,STN_004,DC_50kW,50,1868,1543.8166666666666,1472.8166666666666,61841.6,40.057606149262114,80.11521229852423,26291.433333333334,5.601888067469378
STN_004_CH_02,STN_004,DC_300kW,300,1851,602.7666666666667,596.0333333333333,140181.0,232.56262788254162,77.5208759608472,26286.333333333332,2.2674647155048886
STN_004_CH_03,STN_004,DC_50kW,50,1771,1461.8,1394.9166666666667,58479.4,40.005062252018064,80.01012450403613,26291.166666666668,5.3056476509854384
STN_004_CH_04,STN_004,DC_150kW,150,1872,764.2833333333333,743.8666666666667,91943.1,120.29975794317117,80.19983862878078,26278.216666666667,2.8307349623547515
STN_004_CH_05,STN_004,DC_50kW,50,1936,1599.1833333333334,1534.2666666666667,63924.2,39.97302789965711,79.94605579931422,26236.966666666667,5.847728840605304
STN_004_CH_06,STN_004,DC_150kW,150,1963,800.8166666666667,782.6833333333333,95975.6,119.84715602822119,79.89810401881414,26259.216666666667,2.98060427037364
STN_004_CH_07,STN_004,DC_50kW,50,1959,1616.8666666666666,1543.1333333333334,64630.4,39.972621943677076,79.94524388735415,26278.833333333332,5.872153127041409
STN_004_CH_08,STN_004,DC_300kW,300,1901,618.7833333333333,605.0166666666667,143748.2,232.30780833355783,77.43593611118594,26265.383333333335,2.3034754870637713
STN_005_CH_01,STN_005,DC_300kW,300,1859,604.1833333333333,594.1,140534.2,232.6019144299468,77.53397147664893,26250.333333333332,2.2632093560716693
STN_005_CH_02,STN_005,DC_150kW,150,1929,787.7166666666667,772.0,94445.0,119.89717114867867,79.93144743245244,26285.75,2.9369525313144953
STN_005_CH_03,STN_005,DC_150kW,150,1926,786.7,764.2333333333333,94335.5,119.91292741832973,79.94195161221982,26282.183333333334,2.9078000242242683
STN_005_CH_04,STN_005,DC_50kW,50,1871,1544.2833333333333,1477.8833333333334,61738.4,39.978674034341715,79.95734806868343,26261.016666666666,5.627669911230907
STN_005_CH_05,STN_005,DC_150kW,150,1881,769.0,752.45,92158.3,119.84174252275683,79.89449501517122,26269.4,2.8643592925609265
STN_005_CH_06,STN_005,DC_50kW,50,1878,1548.2666666666667,1488.6333333333334,61854.0,39.95048225973131,79.90096451946262,26290.666666666668,5.662212191905873
STN_005_CH_07,STN_005,DC_50kW,50,1881,1553.1833333333334,1492.9166666666667,62167.2,40.025667714693476,80.05133542938695,26284.2,5.679901487078422
STN_005_CH_08,STN_005,DC_150kW,150,1935,790.3,775.4,94815.9,119.97456662027078,79.98304441351385,26282.533333333333,2.9502483271526336
STN_006_CH_01,STN_006,DC_150kW,150,3848,1569.5666666666666,1498.8,188286.0,119.96049865143246,79.97366576762164,26285.95,5.701905390522313
STN_006_CH_02,STN_006,DC_150kW,150,3755,1533.75,1467.4333333333334,183856.6,119.87390383048086,79.91593588698723,26282.466666666667,5.583316634410266
STN_006_CH_03,STN_006,DC_300kW,300,3780,1229.5666666666666,1187.7333333333333,285981.8,232.58746984032314,77.52915661344105,26282.85,4.519043152981253
STN_006_CH_04,STN_006,DC_50kW,50,3662,3018.25,2789.75,120353.7,39.87532510560755,79.7506502112151,26284.7,10.613588893919276
STN_007_CH_01,STN_007,DC_300kW,300,3865,1256.1,1209.9166666666667,292098.4,232.5439057399889,77.51463524666296,26280.15,4.603918420049607
STN_007_CH_02,STN_007,DC_50kW,50,3839,3157.25,2891.8333333333335,126245.6,39.98593712883047,79.97187425766094,26281.683333333334,11.00322721591273
STN_007_CH_03,STN_007,DC_50kW,50,3697,3047.15,2810.85,121755.3,39.95710746107018,79.91421492214036,26300.7,10.687358131152402
STN_007_CH_04,STN_007,DC_50kW,50,3817,3150.85,2884.1,126216.4,40.057889141025434,80.11577828205087,26290.75,10.970017972100452
STN_008_CH_01,STN_008,DC_50kW,50,3003,2478.8,2313.866666666667,99249.3,40.03925286428917,80.07850572857834,26254.566666666666,8.81319694224624
STN_008_CH_02,STN_008,DC_300kW,300,3008,974.9333333333333,950.3,226598.7,232.42481537199126,77.47493845733042,26282.983333333334,3.6156473865536576
STN_008_CH_03,STN_008,DC_150kW,150,3040,1239.1,1199.15,148417.5,119.77846824307966,79.85231216205311,26282.716666666667,4.562504002947438
STN_008_CH_04,STN_008,DC_300kW,300,3062,993.85,964.6833333333333,231171.6,232.6021029330382,77.53403431101273,26289.65,3.6694415229313937
STN_008_CH_05,STN_008,DC_150kW,150,3041,1242.0166666666667,1199.95,149111.9,120.05627943801076,80.03751962534051,26280.783333333333,4.565883690681468
STN_009_CH_01,STN_009,DC_50kW,50,1285,1062.0,1008.4,42472.1,39.99256120527307,79.98512241054614,17493.283333333333,5.764498183588558
STN_009_CH_02,STN_009,DC_50kW,50,1284,1059.1333333333334,1014.3166666666667,42392.3,40.025461068798386,80.05092213759677,17538.316666666666,5.783432275427422
STN_009_CH_03,STN_009,DC_50kW,50,1284,1056.9833333333333,1010.2833333333333,42240.8,39.9635440483136,79.9270880966272,17531.833333333332,5.762565238470972
STN_009_CH_04,STN_009,DC_50kW,50,1215,1002.55,957.55,40107.2,40.005186773727,80.010373547454,17522.616666666665,5.464651873721295
STN_009_CH_05,STN_009,DC_50kW,50,1253,1034.6666666666667,996.0833333333334,41408.4,40.02100515463918,80.04201030927835,17488.216666666667,5.695739893433007
STN_009_CH_06,STN_009,DC_50kW,50,1284,1061.0666666666666,1017.1333333333333,42316.8,39.88137723045992,79.76275446091984,17520.483333333334,5.80539539909953
STN_009_CH_07,STN_009,DC_50kW,50,1250,1031.1166666666666,980.9333333333333,41160.5,39.9183732846267,79.8367465692534,17528.316666666666,5.5962780225140465
STN_009_CH_08,STN_009,DC_50kW,50,1304,1075.15,1030.4,42926.1,39.925684788169086,79.85136957633817,17520.683333333334,5.881049159992808
STN_010_CH_01,STN_010,DC_50kW,50,1249,1029.6166666666666,988.8833333333333,41295.3,40.10745099308805,80.2149019861761,17518.666666666668,5.644740847857523
STN_010_CH_02,STN_010,DC_150kW,150,1287,526.0,512.3166666666667,63050.1,119.8671102661597,79.91140684410647,17530.45,2.9224387660708464
STN_010_CH_03,STN_010,DC_150kW,150,1272,518.7166666666667,507.93333333333334,62352.6,120.20550718118432,80.1370047874562,17475.1,2.906611883956792
STN_010_CH_04,STN_010,DC_150kW,150,1341,548.1666666666666,532.9333333333333,65763.9,119.97062937062937,79.98041958041958,17527.883333333335,3.040488821144975
STN_010_CH_05,STN_010,DC_50kW,50,1199,988.5,951.6833333333333,39633.5,40.09458775923116,80.18917551846232,17517.116666666665,5.432876605453523
STN_010_CH_06,STN_010,DC_50kW,50,1206,997.3,964.0166666666667,39872.6,39.98054747819111,79.96109495638223,17452.966666666667,5.523511762088202
STN_010_CH_07,STN_010,DC_300kW,300,1279,416.05,409.8,96492.5,231.92524936906622,77.30841645635542,17458.2,2.347321029659415
STN_010_CH_08,STN_010,DC_150kW,150,1259,514.1,505.31666666666666,61699.2,120.01400505738182,80.00933670492122,17487.283333333333,2.8896236026750866
STN_011_CH_01,STN_011,DC_50kW,50,1321,1087.8333333333333,1043.2833333333333,43577.9,40.059353454879734,80.11870690975947,17528.483333333334,5.9519315704248985
STN_011_CH_02,STN_011,DC_300kW,300,1233,401.05,396.15,93278.3,232.58521381373893,77.52840460457965,17522.016666666666,2.2608698960640945
STN_011_CH_03,STN_011,DC_50kW,50,1254,1033.5666666666666,997.2666666666667,41410.7,40.06582384622827,80.13164769245654,17516.833333333332,5.6931903597491935
STN_011_CH_04,STN_011,DC_50kW,50,1258,1035.5333333333333,996.4666666666667,41449.2,40.02691044872208,80.05382089744415,17506.533333333333,5.691970235873846
STN_011_CH_05,STN_011,DC_150kW,150,1241,506.9,494.51666666666665,60860.7,120.06450976523969,80.0430065101598,17521.766666666666,2.8222991212834323
STN_011_CH_06,STN_011,DC_300kW,300,1255,408.05,402.9166666666667,94820.9,232.3756892537679,77.45856308458929,17527.683333333334,2.2987445574191683
STN_011_CH_07,STN_011,DC_50kW,50,1265,1046.4666666666667,1000.1833333333333,41794.7,39.93887367012805,79.8777473402561,17527.15,5.706480137006491
STN_011_CH_08,STN_011,DC_50kW,50,1297,1071.9333333333334,1020.0,42830.6,39.95640276136575,79.9128055227315,17518.2,5.822516011919032
STN_012_CH_01,STN_012,DC_300kW,300,2058,669.5333333333333,652.75,155326.9,231.99278104152145,77.3309270138405,17522.95,3.7251147780482166
STN_012_CH_02,STN_012,DC_150kW,150,1996,815.0,786.6666666666666,97983.0,120.22453987730061,80.14969325153373,17527.4,4.4882108394095335
STN_012_CH_03,STN_012,DC_150kW,150,2063,843.0833333333334,820.3166666666667,101045.2,119.85197192843728,79.90131461895818,17517.466666666667,4.682849879358507
STN_012_CH_04,STN_012,DC_50kW,50,2036,1674.75,1550.15,66921.6,39.95915808329602,79.91831616659204,17534.05,8.840798332387557
STN_012_CH_05,STN_012,DC_300kW,300,2078,675.0,655.5166666666667,156986.1,232.572,77.524,17525.316666666666,3.740398414103787
STN_013_CH_01,STN_013,DC_150kW,150,1227,499.71666666666664,488.51666666666665,59908.7,119.8853350231798,79.92355668211987,17459.916666666668,2.7979324070847986
STN_013_CH_02,STN_013,DC_150kW,150,1284,524.3166666666667,517.0666666666667,62770.9,119.71944435614608,79.81296290409739,17517.9,2.9516475528840025
STN_013_CH_03,STN_013,DC_50kW,50,1261,1038.25,998.6333333333333,41439.0,39.912352516253314,79.82470503250663,17516.583333333332,5.701073744404113
STN_013_CH_04,STN_013,DC_300kW,300,1266,411.23333333333335,404.01666666666665,95447.5,232.10059171597632,77.36686390532545,17445.8,2.31583915135257
STN_013_CH_05,STN_013,DC_150kW,150,1245,509.3333333333333,499.23333333333335,60962.7,119.69116492146597,79.79410994764397,17485.066666666666,2.8551983406792845
STN_013_CH_06,STN_013,DC_50kW,50,1288,1061.5666666666666,1018.8,42286.7,39.834238703802555,79.66847740760511,17525.166666666668,5.813354128824262
STN_013_CH_07,STN_013,DC_150kW,150,1232,502.3833333333333,490.75,60136.6,119.7026175231397,79.80174501542646,17519.55,2.8011564223966943
STN_013_CH_08,STN_013,DC_50kW,50,1269,1047.9333333333334,999.9333333333333,41943.2,40.02468350403969,80.04936700807939,17530.316666666666,5.704023220725239
STN_014_CH_01,STN_014,DC_300kW,300,2496,809.1666666666666,778.4333333333333,188384.8,232.81334706488155,77.60444902162719,17520.866666666665,4.4428928553762566
STN_014_CH_02,STN_014,DC_50kW,50,2539,2093.2,1913.0,83781.8,40.025702274030195,80.05140454806039,17538.966666666667,10.907142001904331
STN_014_CH_03,STN_014,DC_50kW,50,2628,2165.5333333333333,1992.0666666666666,86497.4,39.942770064341346,79.88554012868269,17499.666666666668,11.383454922950913
STN_014_CH_04,STN_014,DC_150kW,150,2498,1019.75,976.45,122143.6,119.77798480019614,79.85198986679742,17526.383333333335,5.571314865303072
STN_015_CH_01,STN_015,DC_50kW,50,1467,1203.4833333333333,1144.8333333333333,48039.5,39.917046351562824,79.83409270312565,17529.116666666665,6.531038358084216
STN_015_CH_02,STN_015,DC_150kW,150,1455,595.4166666666666,583.1333333333333,71316.1,119.77511546536041,79.85007697690695,17528.55,3.326763099819057
STN_015_CH_03,STN_015,DC_50kW,50,1464,1206.4833333333333,1146.6833333333334,48259.1,39.99980660045034,79.99961320090068,17503.483333333334,6.551172195248755
STN_015_CH_04,STN_015,DC_50kW,50,1434,1181.4333333333334,1120.9166666666667,47174.2,39.92963349603588,79.85926699207177,17517.783333333333,6.398735760898212
STN_015_CH_05,STN_015,DC_150kW,150,1419,580.4833333333333,564.8166666666667,69855.0,120.33937236211203,80.22624824140802,17515.916666666668,3.224590967263109
STN_015_CH_06,STN_015,DC_50kW,50,1486,1224.5833333333333,1162.45,48918.1,39.94673018033345,79.8934603606669,17521.566666666666,6.634395326140928
STN_015_CH_07,STN_015,DC_150kW,150,1454,595.6666666666666,579.8833333333333,71490.2,120.01712367095692,80.01141578063795,17525.233333333334,3.3088480039257675
STN_016_CH_01,STN_016,DC_50kW,50,1688,1395.8333333333333,1320.8333333333333,55707.0,39.90949253731343,79.81898507462687,17526.583333333332,7.536171244633152
STN_016_CH_02,STN_016,DC_50kW,50,1749,1444.4833333333333,1360.0166666666667,57783.0,40.002538393197106,80.00507678639421,17503.866666666665,7.769807052156096
STN_016_CH_03,STN_016,DC_300kW,300,1683,544.6833333333333,529.9166666666666,126949.3,233.0699183011536,77.6899727670512,17526.866666666665,3.0234535170766406
STN_016_CH_04,STN_016,DC_50kW,50,1670,1377.6833333333334,1305.1666666666667,55121.4,40.01021037732425,80.0204207546485,17521.116666666665,7.449106649404957
STN_016_CH_05,STN_016,DC_50kW,50,1703,1407.0166666666667,1320.3166666666666,56128.1,39.891567264069366,79.78313452813873,17529.2,7.532098821775475
STN_016_CH_06,STN_016,DC_50kW,50,1677,1380.1333333333334,1302.9,55234.8,40.021350594145495,80.04270118829099,17495.2,7.447185513740911
STN_017_CH_01,STN_017,DC_300kW,300,2092,679.5666666666667,660.7333333333333,158169.6,232.75067444940402,77.58355814980133,17508.716666666667,3.773739366011025
STN_017_CH_02,STN_017,DC_50kW,50,2020,1665.3333333333333,1556.9833333333333,66538.6,39.95512409927943,79.91024819855886,17528.1,8.88278440523122
STN_017_CH_03,STN_017,DC_150kW,150,2091,854.3,821.6666666666666,102313.7,119.76319793983379,79.8421319598892,17521.25,4.689543649378136
STN_017_CH_04,STN_017,DC_150kW,150,2061,840.7666666666667,811.05,100890.0,119.99762121872894,79.9984141458193,17522.583333333332,4.628598332627894
STN_017_CH_05,STN_017,DC_50kW,50,2025,1667.3166666666666,1563.4166666666667,66769.9,40.046321934445565,80.09264386889113,17529.083333333332,8.918987016814913
STN_018_CH_01,STN_018,DC_50kW,50,1284,1060.0333333333333,975.1166666666667,42355.0,39.95629068268293,79.91258136536587,8773.3,11.114593900432753
STN_018_CH_02,STN_018,DC_300kW,300,1311,424.8833333333333,410.03333333333336,99063.1,233.15365002157458,77.71788334052486,8763.666666666666,4.678787417747519
STN_018_CH_03,STN_018,DC_150kW,150,1197,488.85,463.1666666666667,58629.1,119.93269919198117,79.95513279465412,8765.6,5.283912871528094
STN_018_CH_04,STN_018,DC_50kW,50,1272,1049.0666666666666,956.9166666666666,41902.5,39.94264743263854,79.88529486527707,8766.116666666667,10.91608408892573
STN_019_CH_01,STN_019,DC_300kW,300,752,244.35,239.81666666666666,56900.1,232.8631062001228,77.62103540004092,8759.833333333334,2.7376852679845505
STN_019_CH_02,STN_019,DC_150kW,150,750,307.3,296.95,36910.9,120.11356980149691,80.07571320099794,8760.25,3.3897434433948805
STN_019_CH_03,STN_019,DC_150kW,150,732,299.81666666666666,295.8666666666667,36011.9,120.11306909778199,80.07537939852133,8746.75,3.382589723802174
STN_019_CH_04,STN_019,DC_300kW,300,726,235.56666666666666,230.46666666666667,54771.6,232.5099759445309,77.50332531484364,8767.05,2.628782391644472
STN_019_CH_05,STN_019,DC_150kW,150,726,295.5,287.48333333333335,35503.0,120.14551607445009,80.09701071630005,8765.383333333333,3.279757683158942
STN_019_CH_06,STN_019,DC_150kW,150,716,292.3833333333333,286.45,35053.4,119.8885025366243,79.92566835774953,8762.066666666668,3.2692058951084597
STN_019_CH_07,STN_019,DC_50kW,50,698,576.0,554.25,23112.0,40.125,80.25,8732.666666666666,6.346858538819758
STN_020_CH_01,STN_020,DC_300kW,300,896,291.43333333333334,283.85,67733.9,232.4164474436692,77.47214914788974,8758.316666666668,3.2409195831010145
STN_020_CH_02,STN_020,DC_50kW,50,853,702.2833333333333,659.9666666666667,28057.1,39.951254242115006,79.90250848423001,8762.916666666666,7.531358470828778
STN_020_CH_03,STN_020,DC_50kW,50,874,720.6333333333333,670.05,28897.1,40.09958832508441,80.19917665016882,8774.85,7.636027966290021
STN_020_CH_04,STN_020,DC_150kW,150,829,338.9,328.31666666666666,40424.0,119.28002360578343,79.52001573718896,8756.516666666666,3.7493980673441305
STN_020_CH_05,STN_020,DC_50kW,50,807,667.7833333333333,629.6333333333333,26632.5,39.881947737539626,79.76389547507925,8764.35,7.184027718351427
STN_020_CH_06,STN_020,DC_50kW,50,817,675.1833333333333,634.3666666666667,26950.3,39.915529115548864,79.83105823109773,8769.45,7.233825002328158
STN_021_CH_01,STN_021,DC_50kW,50,598,493.6666666666667,472.3666666666667,19645.5,39.795070898041864,79.59014179608373,8761.85,5.391174999191571
STN_021_CH_02,STN_021,DC_150kW,150,594,243.6,239.65,29080.7,119.37889983579639,79.58593322386426,8741.716666666667,2.7414523844477534
STN_021_CH_03,STN_021,DC_150kW,150,626,256.51666666666665,254.1,30674.3,119.58014424014034,79.72009616009356,8769.4,2.8975756608205807
STN_021_CH_04,STN_021,DC_50kW,50,643,529.95,507.18333333333334,21173.6,39.95395792055854,79.90791584111707,8773.033333333333,5.7811627297286
STN_021_CH_05,STN_021,DC_150kW,150,586,238.76666666666668,234.01666666666668,28587.7,119.73069942761413,79.82046628507608,8738.583333333334,2.6779703041110783
STN_021_CH_06,STN_021,DC_50kW,50,618,507.71666666666664,491.48333333333335,20297.5,39.978006105767655,79.95601221153531,8760.716666666667,5.610081367011451
STN_021_CH_07,STN_021,DC_50kW,50,641,527.5666666666667,503.35,21122.8,40.038162633474435,80.07632526694887,8769.666666666666,5.73967083507545
STN_021_CH_08,STN_021,DC_50kW,50,621,509.8,487.15,20331.3,39.880933699489994,79.76186739897999,8762.066666666668,5.559761395713339
STN_022_CH_01,STN_022,DC_50kW,50,1268,1044.7666666666667,963.5833333333334,41759.2,39.969881632262386,79.93976326452477,8774.0,10.982258187067853
STN_022_CH_02,STN_022,DC_50kW,50,1312,1082.3666666666666,985.25,43425.8,40.121154260724964,80.24230852144993,8766.616666666667,11.23865725469917
STN_022_CH_03,STN_022,DC_50kW,50,1239,1018.5833333333334,933.5666666666667,40731.6,39.988480733044256,79.97696146608851,8770.25,10.644698459755043
STN_022_CH_04,STN_022,DC_50kW,50,1259,1036.7833333333333,948.3833333333333,41552.9,40.07867281817159,80.15734563634318,8763.366666666667,10.822134567765051
STN_023_CH_01,STN_023,DC_300kW,300,620,201.71666666666667,197.56666666666666,46923.8,232.62232504337769,77.54077501445923,8774.333333333334,2.2516430498043536
STN_023_CH_02,STN_023,DC_50kW,50,617,509.9,494.1166666666667,20453.6,40.11296332614238,80.22592665228476,8722.083333333334,5.665122056083695
STN_023_CH_03,STN_023,DC_50kW,50,609,501.46666666666664,484.4166666666667,20094.6,40.07165647434193,80.14331294868386,8767.0,5.525455305881906
STN_023_CH_04,STN_023,DC_150kW,150,598,244.91666666666666,240.31666666666666,29322.1,119.72276284450493,79.81517522966996,8755.766666666666,2.744667324011223
STN_023_CH_05,STN_023,DC_150kW,150,669,273.1333333333333,266.6333333333333,32773.3,119.99011471808642,79.99340981205762,8766.883333333333,3.0413696999884032
STN_023_CH_06,STN_023,DC_50kW,50,647,533.4,508.95,21247.5,39.83408323959505,79.6681664791901,8767.683333333332,5.804840123103594
STN_023_CH_07,STN_023,DC_50kW,50,641,529.8,505.1166666666667,21113.8,39.85239713099283,79.70479426198565,8763.45,5.763901964028626
STN_023_CH_08,STN_023,DC_50kW,50,640,525.4166666666666,509.45,20937.6,39.84951625693894,79.69903251387788,8686.466666666667,5.864870257949146
STN_024_CH_01,STN_024,DC_150kW,150,739,301.05,292.55,36036.1,119.70137850855339,79.80091900570227,8743.583333333334,3.345882218388723
STN_024_CH_02,STN_024,DC_150kW,150,763,311.75,303.18333333333334,37325.1,119.72766639935845,79.81844426623897,8763.766666666666,3.4595094194657547
STN_024_CH_03,STN_024,DC_50kW,50,744,614.6,585.75,24573.2,39.98242759518386,79.96485519036771,8743.5,6.699262309143935
STN_024_CH_04,STN_024,DC_150kW,150,723,293.9,286.51666666666665,35385.5,120.39979584892822,80.26653056595214,8768.266666666666,3.2676545725494965
STN_024_CH_05,STN_024,DC_50kW,50,722,597.05,568.0333333333333,23855.7,39.95595008793234,79.91190017586467,8749.05,6.492514425375708
STN_024_CH_06,STN_024,DC_50kW,50,700,574.15,545.9,22888.7,39.86536619350344,79.73073238700688,8769.316666666668,6.2251144615981095
STN_024_CH_07,STN_024,DC_150kW,150,743,302.6333333333333,296.1166666666667,36242.8,119.75812314131514,79.83874876087675,8771.666666666666,3.3758312749382484
STN_025_CH_01,STN_025,DC_50kW,50,638,524.8333333333334,507.46666666666664,20975.9,39.96678310574786,79.93356621149572,8770.15,5.786294039060525
STN_025_CH_02,STN_025,DC_300kW,300,598,192.65,188.9,44921.5,233.1767453932001,77.72558179773337,8755.666666666666,2.1574599307115396
STN_025_CH_03,STN_025,DC_300kW,300,632,204.7,201.35,47575.4,232.41524181729363,77.47174727243122,8755.516666666666,2.2996929554890153
STN_025_CH_04,STN_025,DC_50kW,50,663,548.45,522.0166666666667,21838.3,39.81821496945938,79.63642993891877,8768.933333333332,5.953023552845652
STN_025_CH_05,STN_025,DC_50kW,50,605,499.6,481.05,19951.4,39.93474779823859,79.86949559647718,8739.0,5.504634397528322
STN_025_CH_06,STN_025,DC_150kW,150,596,242.8,239.55,29034.1,119.58031301482701,79.72020867655134,8737.2,2.741725037769537
STN_025_CH_07,STN_025,DC_150kW,150,648,264.8,259.53333333333336,31749.5,119.89992447129909,79.93328298086607,8766.266666666666,2.9605913577805834
STN_025_CH_08,STN_025,DC_150kW,150,656,266.93333333333334,261.6,32100.5,120.25661838161838,80.17107892107892,8768.733333333334,2.983327124404133
STN_026_CH_01,STN_026,DC_150kW,150,644,263.1166666666667,257.3,31580.8,120.02584404890099,80.017229365934,8756.35,2.9384389614394126
STN_026_CH_02,STN_026,DC_150kW,150,622,254.66666666666666,248.8,30645.9,120.33730366492148,80.22486910994765,8770.383333333333,2.836820131389164
STN_026_CH_03,STN_026,DC_150kW,150,677,275.21666666666664,269.3833333333333,33010.5,119.94368073638952,79.96245382425968,8743.583333333334,3.0809260124091
STN_026_CH_04,STN_026,DC_50kW,50,624,514.9166666666666,491.65,20617.2,40.03987700275126,80.07975400550252,8740.166666666666,5.625178772334624
STN_026_CH_05,STN_026,DC_50kW,50,650,535.6666666666666,515.5333333333333,21442.0,40.028624766645926,80.05724953329185,8768.816666666668,5.879166516196597
STN_026_CH_06,STN_026,DC_50kW,50,620,512.4166666666666,487.43333333333334,20449.6,39.9081476662872,79.8162953325744,8752.483333333334,5.5690861069905875
STN_026_CH_07,STN_026,DC_150kW,150,590,240.7,235.33333333333334,28945.9,120.25716659742419,80.17144439828279,8765.4,2.68479856405108
STN_026_CH_08,STN_026,DC_150kW,150,622,255.1,249.5,30721.3,120.42845942767542,80.28563961845028,8742.083333333334,2.854010771650541
STN_027_CH_01,STN_027,DC_50kW,50,625,516.4833333333333,487.71666666666664,20602.8,39.890541805156666,79.78108361031333,8751.966666666667,5.57265224197228
STN_027_CH_02,STN_027,DC_150kW,150,656,267.6,262.8,32112.9,120.00336322869954,80.00224215246637,8740.75,3.0066069845264995
STN_027_CH_03,STN_027,DC_150kW,150,638,257.9,253.9,31008.7,120.23536254362158,80.15690836241438,8762.066666666668,2.8977181943377133
STN_027_CH_04,STN_027,DC_300kW,300,593,193.15,190.5,44932.8,232.63163344550867,77.54387781516957,8761.15,2.174372085856309
STN_027_CH_05,STN_027,DC_150kW,150,613,251.08333333333334,244.8,30068.0,119.75307002987056,79.8353800199137,8735.416666666666,2.8023849272597188
STN_027_CH_06,STN_027,DC_300kW,300,658,213.28333333333333,209.83333333333334,49630.2,232.6961006485895,77.56536688286316,8750.416666666666,2.3979810485214994
STN_027_CH_07,STN_027,DC_50kW,50,615,507.7,482.35,20239.7,39.86547173527674,79.73094347055348,8756.183333333332,5.508678629006932
STN_027_CH_08,STN_027,DC_50kW,50,609,505.7,485.3833333333333,20113.3,39.77318568321139,79.54637136642278,8762.783333333333,5.539145667187176
STN_028_CH_01,STN_028,DC_150kW,150,1296,530.2666666666667,511.75,63490.8,119.7337188835806,79.8224792557204,8764.9,5.838629077342582
STN_028_CH_02,STN_028,DC_150kW,150,1218,496.3,474.0833333333333,59470.2,119.82712069312915,79.88474712875276,8761.233333333334,5.411148354303237
STN_028_CH_03,STN_028,DC_300kW,300,1222,397.93333333333334,384.01666666666665,92249.5,231.82149438766962,77.27383146255654,8766.333333333334,4.380584813110764
STN_028_CH_04,STN_028,DC_300kW,300,1264,410.45,395.9,95508.5,232.69216713363383,77.56405571121128,8741.15,4.529152342655142
STN_029_CH_01,STN_029,DC_300kW,300,1018,331.4166666666667,321.1166666666667,76748.1,231.57586120191098,77.19195373397034,8768.7,3.6620783772585064
STN_029_CH_02,STN_029,DC_150kW,150,1041,426.1,408.85,51029.2,119.7587420793241,79.83916138621606,8768.233333333334,4.662854927066266
STN_029_CH_03,STN_029,DC_50kW,50,1037,854.75,794.0166666666667,34303.1,40.13231939163498,80.26463878326996,8770.016666666666,9.053764626064945
STN_029_CH_04,STN_029,DC_150kW,150,995,405.56666666666666,393.0,48682.7,120.0362455823128,80.02416372154187,8763.9,4.4843049327354265
STN_029_CH_05,STN_029,DC_150kW,150,1038,422.1666666666667,407.15,50811.8,120.35957362810896,80.23971575207264,8766.383333333333,4.644446683638064
STN_030_CH_01,STN_030,DC_50kW,50,1333,1099.3,1009.5333333333333,43952.6,39.98235240607659,79.96470481215319,8767.383333333333,11.514648042080209
STN_030_CH_02,STN_030,DC_50kW,50,1248,1029.6,945.1,41192.3,40.00806138306139,80.01612276612278,8767.733333333334,10.779296815596581
STN_030_CH_03,STN_030,DC_50kW,50,1349,1113.5166666666667,1013.4,44559.6,40.01700318809777,80.03400637619553,8766.4,11.56004745391495
STN_030_CH_04,STN_030,DC_50kW,50,1266,1043.2833333333333,955.8333333333334,41696.8,39.96689937217439,79.93379874434878,8767.366666666667,10.90217130951521
STN_031_CH_01,STN_031,DC_50kW,50,1250,1029.2833333333333,947.0,41192.6,40.02066162540279,80.04132325080558,8767.666666666666,10.801049309964643
STN_031_CH_02,STN_031,DC_50kW,50,1252,1035.9,948.1666666666666,41326.6,39.89439135051646,79.78878270103291,8775.383333333333,10.8048461320778
STN_031_CH_03,STN_031,DC_50kW,50,1255,1035.4333333333334,948.2666666666667,41418.0,40.000643852815244,80.00128770563049,8773.833333333334,10.807894686852952
STN_031_CH_04,STN_031,DC_300kW,300,1242,401.1,386.46666666666664,93679.0,233.55522313637496,77.85174104545833,8773.816666666668,4.404772533428059
STN_032_CH_01,STN_032,DC_50kW,50,856,703.35,662.95,28125.3,39.9876306248667,79.9752612497334,8761.783333333333,7.566382034098843
STN_032_CH_02,STN_032,DC_150kW,150,873,357.23333333333335,347.7,42689.5,119.50032658393206,79.66688438928804,8767.633333333333,3.9657224108368276
STN_032_CH_03,STN_032,DC_150kW,150,861,351.6,341.05,42262.3,120.1999431171786,80.1332954114524,8767.516666666666,3.8899270222849123
STN_032_CH_04,STN_032,DC_150kW,150,852,348.9166666666667,338.01666666666665,41839.1,119.91144017196082,79.94096011464055,8768.916666666666,3.8547140942913893
STN_032_CH_05,STN_032,DC_150kW,150,835,341.0833333333333,329.4,40909.9,119.9410701197166,79.9607134131444,8766.916666666666,3.7573073011225913
STN_032_CH_06,STN_032,DC_50kW,50,848,696.9333333333333,654.2,27929.2,40.07442127415344,80.14884254830687,8772.066666666668,7.457763658886921
STN_033_CH_01,STN_033,DC_50kW,50,841,694.5166666666667,654.9,27807.0,40.037916056730104,80.07583211346021,8764.166666666666,7.472473138727774
STN_033_CH_02,STN_033,DC_150kW,150,808,331.6,322.68333333333334,39868.0,120.22919179734619,80.15279453156413,8774.716666666667,3.677421683131269
STN_033_CH_03,STN_033,DC_50kW,50,874,720.1833333333333,679.6,28767.5,39.944690009488326,79.88938001897665,8766.866666666667,7.7519144049945625
STN_033_CH_04,STN_033,DC_300kW,300,824,266.43333333333334,259.93333333333334,61853.4,232.1533842111848,77.38446140372827,8771.3,2.9634527759093103
STN_033_CH_05,STN_033,DC_300kW,300,887,289.25,282.53333333333336,67209.7,232.35851339671564,77.45283779890522,8757.466666666667,3.2261993575006467
STN_033_CH_06,STN_033,DC_150kW,150,895,365.01666666666665,355.71666666666664,43743.3,119.83918542532305,79.89279028354869,8760.766666666666,4.06033718510176
