station_id,chargers,total_sessions,total_energy_kwh,avg_time_utilisation,avg_capacity_utilisation,energy_per_charger_kwh,sessions_per_charger,performance_profile
STN_001,4,15162,620951.6,8.265728500484494,80.00255611872112,155237.9,3790.5,High Utilisation / High Throughput
STN_002,5,15276,940999.0,4.9273437151838255,78.54258281351852,188199.8,3055.2,Lower Utilisation / High Throughput
STN_003,5,15321,733802.6,6.189524332507479,79.46617275761147,146760.52,3064.2,High Utilisation / High Throughput
STN_004,8,15121,720723.5,4.126212140174823,79.3839239011071,90090.4375,1890.125,Lower Utilisation / High Throughput
STN_005,8,15160,702048.5,3.8615441401923993,79.6493197459424,87756.0625,1895.0,Lower Utilisation / High Throughput
STN_006,4,15045,778478.1,6.604463517958277,79.29235211981626,194619.525,3761.25,High Utilisation / High Throughput
STN_007,4,15218,666315.7000000001,9.316130434803798,79.37912567712878,166578.92500000002,3804.5,High Utilisation / High Throughput
STN_008,5,15154,854549.0,5.04533470907204,78.99546205686302,170909.8,3030.8,Lower Utilisation / High Throughput
STN_009,8,10159,335024.2,5.719201255780955,79.93329838850174,41878.025,1269.875,High Utilisation / Lower Throughput
STN_010,8,10092,470159.7,3.8384516648632956,79.71396960428494,58769.9625,1261.5,Lower Utilisation / High Throughput
STN_011,8,10124,460023.0,4.53100023621752,79.39058782024706,57502.875,1265.5,Lower Utilisation / Lower Throughput
STN_012,5,10231,578262.8,5.095474448661521,78.96485021018489,115652.56000000001,2046.2,High Utilisation / High Throughput
STN_013,8,10072,464895.3,3.8675281210438706,79.53022348785053,58111.9125,1259.0,Lower Utilisation / High Throughput
STN_014,4,10161,480807.6,8.076201161383644,79.34834589129193,120201.9,2540.25,High Utilisation / High Throughput
STN_015,7,10179,405052.19999999995,5.139363387340006,79.95345346510256,57864.59999999999,1454.142857142857,High Utilisation / High Throughput
STN_016,6,10170,406923.6,6.7929704664645385,79.56004851652509,67820.59999999999,1695.0,High Utilisation / High Throughput
STN_017,5,10289,494681.8,6.178730554012637,79.48539926459196,98936.36,2057.8,High Utilisation / High Throughput
STN_018,4,5064,241949.7,7.998344569658524,79.36772309145547,60487.425,1266.0,High Utilisation / High Throughput
STN_019,7,5100,278262.9,3.5763747062733193,79.3640189126362,39751.84285714286,728.5714285714286,Lower Utilisation / Lower Throughput
STN_020,6,5076,218694.9,6.095926134707255,79.44813395427575,36449.15,846.0,High Utilisation / Lower Throughput
STN_021,8,4927,190913.4,4.549856209512478,79.80234477296236,23864.175,615.875,Lower Utilisation / Lower Throughput
STN_022,4,5078,167469.5,10.921937117321779,80.0790947221016,41867.375,1269.5,High Utilisation / Lower Throughput
STN_023,8,5041,212866.3,4.582733722606369,79.59882411402613,26608.2875,630.125,Lower Utilisation / Lower Throughput
STN_024,7,5134,216307.1,4.695109811637139,79.90459005028706,30901.014285714286,733.4285714285714,Lower Utilisation / Lower Throughput
STN_025,8,5036,248146.6,3.7983435494486635,79.30767392444407,31018.325,629.5,Lower Utilisation / Lower Throughput
STN_026,8,5049,217413.2,3.933553229557638,80.0768668985304,27176.65,631.125,Lower Utilisation / Lower Throughput
STN_027,8,5007,248708.4,3.737442472333516,79.2702717100146,31088.55,625.875,Lower Utilisation / Lower Throughput
STN_028,4,5000,310719.0,5.039878646852932,78.63627838956025,77679.75,1250.0,Lower Utilisation / High Throughput
STN_029,5,5129,261574.9,5.301489909352641,79.51192667541417,52314.979999999996,1025.8,High Utilisation / Lower Throughput
STN_030,4,5196,171401.3,11.189040905276737,79.98715817470507,42850.325,1299.0,High Utilisation / Lower Throughput
STN_031,4,4999,217616.2,9.204640665580865,79.42078367573183,54404.05,1249.75,High Utilisation / Lower Throughput
STN_032,6,5125,223755.30000000002,5.081969420253581,79.9709928544276,37292.55,854.1666666666666,High Utilisation / Lower Throughput
STN_033,6,5129,269248.9,4.85863309089422,79.14134935836385,44874.81666666667,854.8333333333334,Lower Utilisation / Lower Throughput
